time_utc,case,hm0_m,tp1_s,dp1_deg,tm01_s,rangefinder_hm0_m,rangefinder_ts_s
2023-10-31T10:00:00.000Z,1,,,,,0.78,6.36
2023-10-31T10:01:00.000Z,1,,,,,0.78,6.34
2023-10-31T10:02:00.000Z,1,,,,,0.77,6.34
2023-10-31T10:03:00.000Z,1,,,,,0.78,6.38
2023-10-31T10:04:00.000Z,1,,,,,0.78,6.4
2023-10-31T10:05:00.000Z,1,,,,,0.78,6.41
2023-10-31T10:06:00.000Z,1,,,,,0.78,6.44
2023-10-31T10:07:00.000Z,1,,,,,0.76,6.61
2023-10-31T10:08:00.000Z,1,,,,,0.76,6.64
2023-10-31T10:09:00.000Z,1,,,,,0.75,6.65
2023-10-31T10:10:00.000Z,1,,,,,0.75,6.64
2023-10-31T10:11:00.000Z,1,,,,,0.75,6.6
2023-10-31T10:12:00.000Z,1,,,,,0.74,6.65
2023-10-31T10:13:00.000Z,1,,,,,0.74,6.68
2023-10-31T10:14:00.000Z,1,,,,,0.72,6.73
2023-10-31T10:15:00.000Z,1,,,,,0.7,6.76
2023-10-31T10:16:00.000Z,1,,,,,0.7,6.79
2023-10-31T10:17:00.000Z,1,,,,,0.7,6.85
2023-10-31T10:18:00.000Z,1,,,,,0.69,6.95
2023-10-31T10:19:00.000Z,1,,,,,0.69,7.01
2023-10-31T10:20:00.000Z,1,,,,,0.7,6.98
2023-10-31T10:21:00.000Z,1,,,,,0.69,7.1
2023-10-31T10:22:00.000Z,1,,,,,0.69,7.15
2023-10-31T10:23:00.000Z,1,,,,,0.69,7.16
2023-10-31T10:24:00.000Z,1,,,,,0.69,7.15
2023-10-31T10:25:00.000Z,1,,,,,0.69,7.16
2023-10-31T10:26:00.000Z,2,,,,,0.69,7.15
2023-10-31T10:27:00.000Z,2,,,,,0.7,7.15
2023-10-31T10:28:00.000Z,2,,,,,0.71,7.19
2023-10-31T10:29:00.000Z,2,,,,,0.7,7.21
2023-10-31T10:30:00.000Z,2,,,,,0.71,7.23
2023-10-31T10:31:00.000Z,2,,,,,0.72,7.24
2023-10-31T10:32:00.000Z,2,,,,,0.72,7.22
2023-10-31T10:33:00.000Z,2,,,,,0.72,7.22
2023-10-31T10:34:00.000Z,2,,,,,0.72,7.23
2023-10-31T10:35:00.000Z,2,,,,,0.72,7.25
2023-10-31T10:36:00.000Z,2,,,,,0.71,7.22
2023-10-31T10:37:00.000Z,2,,,,,0.71,7.2
2023-10-31T10:38:00.000Z,2,,,,,0.7,6.41
2023-10-31T10:39:00.000Z,2,,,,,0.7,7.23
2023-10-31T10:40:00.000Z,2,,,,,0.7,7.22
2023-10-31T10:41:00.000Z,0,,,,,0.7,7.22
2023-10-31T10:42:00.000Z,3,,,,,0.7,7.22
2023-10-31T10:43:00.000Z,3,,,,,0.7,7.2
2023-10-31T10:44:00.000Z,3,,,,,0.7,7.2
2023-10-31T10:45:00.000Z,3,,,,,0.69,7.2
2023-10-31T10:46:00.000Z,3,,,,,0.7,7.18
2023-10-31T10:47:00.000Z,3,1.66209,7.00422,339.773,6.61174,0.7,7.19
2023-10-31T10:47:58.000Z,3,1.66823,7.02284,339.448,6.61561,,
2023-10-31T10:48:00.000Z,3,,,,,0.7,7.18
2023-10-31T10:48:59.000Z,3,1.66754,7.01256,338.874,6.6133,,
2023-10-31T10:49:00.000Z,3,,,,,0.69,7.19
2023-10-31T10:49:58.000Z,3,1.66195,7.03454,339.949,6.61897,,
2023-10-31T10:50:00.000Z,3,,,,,0.7,7.18
2023-10-31T10:50:59.000Z,3,1.6706,7.04341,340.521,6.64468,,
2023-10-31T10:51:00.000Z,3,,,,,0.71,7.18
2023-10-31T10:52:00.000Z,3,1.68049,7.05682,339.805,6.64887,0.71,7.18
2023-10-31T10:52:59.000Z,3,1.68381,7.00049,339.997,6.64107,,
2023-10-31T10:53:00.000Z,3,,,,,0.72,7.19
2023-10-31T10:54:00.000Z,3,1.68073,6.98768,340.137,6.64337,0.71,7.18
2023-10-31T10:54:58.000Z,3,1.68416,6.96988,339.931,6.63969,,
2023-10-31T10:55:00.000Z,3,,,,,0.72,7.19
2023-10-31T10:55:59.000Z,0,1.69595,6.96348,340.754,6.64617,,
2023-10-31T10:56:00.000Z,0,,,,,0.72,7.21
2023-10-31T10:56:58.000Z,4,1.70466,6.99725,340.934,6.65008,,
2023-10-31T10:57:00.000Z,4,,,,,0.72,7.23
2023-10-31T10:57:59.000Z,4,1.71136,6.99599,340.597,6.6583,,
2023-10-31T10:58:00.000Z,4,,,,,0.72,7.25
2023-10-31T10:59:00.000Z,4,1.72379,7.00958,340.71,6.66186,0.71,7.25
2023-10-31T10:59:58.000Z,4,1.72907,6.99953,341.392,6.6586,,
2023-10-31T11:00:00.000Z,4,,,,,0.72,7.24
2023-10-31T11:01:00.000Z,4,1.75215,6.97648,341.464,6.65526,0.72,7.25
2023-10-31T11:01:58.000Z,4,1.76392,6.97338,341.14,6.65552,,
2023-10-31T11:02:00.000Z,4,,,,,0.73,7.25
2023-10-31T11:02:59.000Z,4,1.77932,6.96231,341.167,6.65545,,
2023-10-31T11:03:00.000Z,4,,,,,0.73,7.26
2023-10-31T11:04:00.000Z,4,1.77852,6.93873,341.062,6.65646,0.72,6.44
2023-10-31T11:04:58.000Z,4,1.78913,6.95252,341.397,6.66211,,
2023-10-31T11:05:00.000Z,4,,,,,0.72,6.37
2023-10-31T11:05:59.000Z,4,1.79308,6.99073,341.459,6.67198,,
2023-10-31T11:06:00.000Z,4,,,,,0.72,6.36
2023-10-31T11:07:00.000Z,4,1.80315,6.98059,341.068,6.66806,0.73,6.42
2023-10-31T11:07:59.000Z,4,1.81056,6.9541,340.838,6.64207,,
2023-10-31T11:08:00.000Z,4,,,,,0.73,6.39
2023-10-31T11:08:59.000Z,4,1.81848,6.96864,341.253,6.63815,,
2023-10-31T11:09:00.000Z,4,,,,,0.73,6.4
2023-10-31T11:09:58.000Z,4,1.81745,7.00522,340.61,6.63724,,
2023-10-31T11:10:00.000Z,4,,,,,0.73,6.41
2023-10-31T11:10:59.000Z,4,1.82668,7.00241,339.913,6.63564,,
2023-10-31T11:11:00.000Z,4,,,,,0.73,6.42
2023-10-31T11:12:00.000Z,4,1.81879,7.01816,339.137,6.62931,0.73,6.41
2023-10-31T11:12:58.000Z,0,1.81937,7.0073,338.509,6.61851,,
2023-10-31T11:13:00.000Z,0,,,,,0.74,6.41
2023-10-31T11:13:59.000Z,5,1.81349,7.0371,338.703,6.62498,,
2023-10-31T11:14:00.000Z,5,,,,,0.74,6.39
2023-10-31T11:15:00.000Z,5,1.81801,7.07506,338.046,6.62157,0.74,6.39
2023-10-31T11:15:58.000Z,5,1.81171,7.07996,337.734,6.61749,,
2023-10-31T11:16:00.000Z,5,,,,,0.74,6.41
2023-10-31T11:16:59.000Z,5,1.79656,7.06351,336.824,6.6064,,
2023-10-31T11:17:00.000Z,5,,,,,0.74,6.43
2023-10-31T11:18:00.000Z,5,1.80093,7.06653,337.037,6.60285,0.75,6.4
2023-10-31T11:18:58.000Z,5,1.80042,7.06079,337.535,6.58991,,
2023-10-31T11:19:00.000Z,5,,,,,0.75,6.4
2023-10-31T11:19:59.000Z,5,1.79377,7.05626,338.225,6.59131,,
2023-10-31T11:20:00.000Z,5,,,,,0.74,6.4
2023-10-31T11:20:58.000Z,5,1.79213,7.06605,338.877,6.59095,,
2023-10-31T11:21:00.000Z,5,,,,,0.74,6.42
2023-10-31T11:21:59.000Z,5,1.76268,7.06019,338.883,6.58907,,
2023-10-31T11:22:00.000Z,5,,,,,0.74,6.42
2023-10-31T11:22:58.000Z,5,1.75452,7.04269,339.181,6.57962,,
2023-10-31T11:23:00.000Z,5,,,,,0.73,6.44
2023-10-31T11:23:59.000Z,5,1.7568,7.08492,337.575,6.60517,,
2023-10-31T11:24:00.000Z,5,,,,,0.74,7.2
2023-10-31T11:25:00.000Z,5,1.77906,7.09874,337.566,6.62876,0.74,7.3
2023-10-31T11:25:58.000Z,5,1.7706,7.08526,338.042,6.62334,,
2023-10-31T11:26:00.000Z,5,,,,,0.74,6.45
2023-10-31T11:26:59.000Z,5,1.77196,7.10426,336.292,6.6325,,
2023-10-31T11:27:00.000Z,5,,,,,0.73,6.43
2023-10-31T11:27:58.000Z,5,1.77082,7.08576,338.297,6.62895,,
2023-10-31T11:28:00.000Z,5,,,,,0.73,6.4
2023-10-31T11:28:59.000Z,5,1.75604,7.06721,339.517,6.61758,,
2023-10-31T11:29:00.000Z,5,,,,,0.72,6.42
2023-10-31T11:29:58.000Z,5,1.75088,7.05121,340.571,6.61051,,
2023-10-31T11:30:00.000Z,0,,,,,0.73,6.4
2023-10-31T11:30:58.000Z,6,1.75008,7.04165,341.04,6.60813,,
2023-10-31T11:31:00.000Z,6,,,,,0.73,6.44
2023-10-31T11:31:59.000Z,6,1.7479,7.03847,340.871,6.6142,,
2023-10-31T11:32:00.000Z,6,,,,,0.72,6.46
2023-10-31T11:32:59.000Z,6,1.74831,7.03518,341.622,6.6141,,
2023-10-31T11:33:00.000Z,6,,,,,0.71,7.15
2023-10-31T11:33:58.000Z,6,1.7381,7.04428,341.592,6.61787,,
2023-10-31T11:34:00.000Z,6,,,,,0.72,7.16
2023-10-31T11:34:58.000Z,6,1.74738,7.05662,339.247,6.62128,,
2023-10-31T11:35:00.000Z,6,,,,,0.73,7.21
2023-10-31T11:35:59.000Z,6,1.7502,7.0208,337.37,6.62318,,
2023-10-31T11:36:00.000Z,6,,,,,0.73,7.19
2023-10-31T11:37:00.000Z,6,1.76515,7.02403,339.152,6.6276,0.72,7.27
2023-10-31T11:37:58.000Z,6,1.77527,7.03637,339.35,6.62593,,
2023-10-31T11:38:00.000Z,6,,,,,0.72,7.33
2023-10-31T11:38:59.000Z,6,1.75492,7.01559,341.888,6.60439,,
2023-10-31T11:39:00.000Z,6,,,,,0.72,7.46
2023-10-31T11:39:59.000Z,6,1.74788,7.02621,340.321,6.60071,,
2023-10-31T11:40:00.000Z,6,,,,,0.72,7.34
2023-10-31T11:40:58.000Z,6,1.75604,7.04488,339.181,6.60123,,
2023-10-31T11:41:00.000Z,6,,,,,0.73,7.26
2023-10-31T11:41:58.000Z,6,1.76076,7.05134,339.539,6.60075,,
2023-10-31T11:42:00.000Z,6,,,,,0.71,7.19
2023-10-31T11:42:59.000Z,6,1.77442,7.04902,339.411,6.59982,,
2023-10-31T11:43:00.000Z,6,,,,,0.7,6.48
2023-10-31T11:44:00.000Z,6,1.77657,7.04977,339.6,6.60166,0.7,6.89
2023-10-31T11:45:00.000Z,6,1.76615,7.02472,339.751,6.59082,0.69,6.99
2023-10-31T11:45:58.000Z,6,1.75446,7.02373,339.364,6.58408,,
2023-10-31T11:46:00.000Z,6,,,,,0.69,6.98
2023-10-31T11:46:59.000Z,0,1.76706,7.03619,340.008,6.5936,,
2023-10-31T11:47:00.000Z,7,,,,,0.69,7.15
2023-10-31T11:47:59.000Z,7,1.76813,7.06541,340.706,6.6104,,
2023-10-31T11:48:00.000Z,7,,,,,0.7,7.12
2023-10-31T11:49:00.000Z,7,1.77364,7.08709,339.856,6.62119,0.7,7.16
2023-10-31T11:50:00.000Z,7,1.77529,7.10293,339.468,6.63332,0.7,7.14
2023-10-31T11:50:58.000Z,7,1.77701,7.10098,339.544,6.63558,,
2023-10-31T11:51:00.000Z,7,,,,,0.71,7.18
2023-10-31T11:51:59.000Z,7,1.79021,7.1121,339.326,6.63891,,
2023-10-31T11:52:00.000Z,7,,,,,0.71,7.2
2023-10-31T11:53:00.000Z,7,1.79855,7.11251,339.436,6.64899,0.7,7.21
2023-10-31T11:53:58.000Z,7,1.80013,7.09736,,6.64802,,
2023-10-31T11:54:00.000Z,7,,,,,0.69,7.21
2023-10-31T11:54:59.000Z,7,1.81393,7.12201,339.664,6.65378,,
2023-10-31T11:55:00.000Z,7,,,,,0.7,7.24
2023-10-31T11:55:59.000Z,7,1.81968,7.12931,339.65,6.64223,,
2023-10-31T11:56:00.000Z,7,,,,,0.7,7.22
2023-10-31T11:57:00.000Z,7,1.82382,7.16067,339.747,6.66552,0.7,7.18
2023-10-31T11:57:58.000Z,7,1.82477,7.18816,339.412,6.68556,,
2023-10-31T11:58:00.000Z,7,,,,,0.7,7.13
2023-10-31T11:58:59.000Z,7,1.83184,7.17673,339.772,6.70078,,
2023-10-31T11:59:00.000Z,7,,,,,0.7,7.17
2023-10-31T11:59:59.000Z,7,1.84224,7.19474,340.188,6.71367,,
2023-10-31T12:00:00.000Z,7,,,,,0.71,7.17
2023-10-31T12:00:58.000Z,7,1.85051,7.21324,339.927,6.72496,,
2023-10-31T12:01:00.000Z,7,,,,,0.71,7.16
2023-10-31T12:01:58.000Z,7,1.84216,7.23893,340.036,6.72048,,
2023-10-31T12:02:00.000Z,7,,,,,0.7,7.15
2023-10-31T12:02:59.000Z,7,1.8534,7.26017,340.601,6.73229,,
2023-10-31T12:03:00.000Z,7,,,,,0.72,7.24
2023-10-31T12:04:00.000Z,7,1.85868,7.26522,339.833,6.73265,0.71,7.28
2023-10-31T12:04:58.000Z,7,1.86303,7.26555,339.755,6.73958,,
2023-10-31T12:05:00.000Z,7,,,,,0.71,7.24
2023-10-31T12:05:59.000Z,7,1.86481,7.2673,339.617,6.73135,,
2023-10-31T12:06:00.000Z,7,,,,,0.7,7.46
2023-10-31T12:07:00.000Z,7,1.86244,7.27347,340.295,6.71406,0.69,7.5
2023-10-31T12:07:58.000Z,7,1.84824,7.29796,340.158,6.70457,,
2023-10-31T12:08:00.000Z,7,,,,,0.68,7.5
2023-10-31T12:08:59.000Z,7,1.83584,7.27502,339.812,6.67749,,
2023-10-31T12:09:00.000Z,7,,,,,0.68,7.58
2023-10-31T12:09:59.000Z,0,1.84721,7.28477,340.256,6.6733,,
